flint-bench	bench-sampler-5jtsz	alpine:3.20 
flint-bench	bench-sampler-dnkst	alpine:3.20 
flint-bench	bench-sampler-jwg4s	alpine:3.20 
flint-bench	fio-flint-r3-f74c2	alpine:3.20 
flint-system	flint-csi-controller-54b96b48f4-5mh4v	dilipdalton/flint-driver:1.58.0-f74c1 registry.k8s.io/sig-storage/csi-provisioner:v3.6.0 registry.k8s.io/sig-storage/csi-attacher:v4.4.0 registry.k8s.io/sig-storage/csi-resizer:v1.9.0 registry.k8s.io/sig-storage/csi-snapshotter:v6.3.0 registry.k8s.io/sig-storage/livenessprobe:v2.11.0 
flint-system	flint-csi-node-mbzrt	dilipdalton/flint-driver:1.58.0-f74c1 registry.k8s.io/sig-storage/csi-node-driver-registrar:v2.9.0 registry.k8s.io/sig-storage/livenessprobe:v2.11.0 
flint-system	flint-csi-node-ncs6q	dilipdalton/flint-driver:1.58.0-f74c1 registry.k8s.io/sig-storage/csi-node-driver-registrar:v2.9.0 registry.k8s.io/sig-storage/livenessprobe:v2.11.0 
flint-system	flint-csi-node-zldkx	dilipdalton/flint-driver:1.58.0-f74c1 registry.k8s.io/sig-storage/csi-node-driver-registrar:v2.9.0 registry.k8s.io/sig-storage/livenessprobe:v2.11.0 
flint-system	snapshot-controller-75cc446f55-kt7sg	registry.k8s.io/sig-storage/snapshot-controller:v6.3.0 
flux-system	flux-operator-55c7f6cff-2xsn5	ghcr.io/controlplaneio-fluxcd/flux-operator:v0.61.0 
flux-system	flux-operator-55c7f6cff-4wj5m	ghcr.io/controlplaneio-fluxcd/flux-operator:v0.61.0 
flux-system	flux-operator-55c7f6cff-5h9cf	ghcr.io/controlplaneio-fluxcd/flux-operator:v0.61.0 
flux-system	flux-operator-55c7f6cff-5k8zr	ghcr.io/controlplaneio-fluxcd/flux-operator:v0.61.0 
flux-system	flux-operator-55c7f6cff-5tfkz	ghcr.io/controlplaneio-fluxcd/flux-operator:v0.61.0 
flux-system	flux-operator-55c7f6cff-64c4v	ghcr.io/controlplaneio-fluxcd/flux-operator:v0.61.0 
flux-system	flux-operator-55c7f6cff-6dxxw	ghcr.io/controlplaneio-fluxcd/flux-operator:v0.61.0 
flux-system	flux-operator-55c7f6cff-8n2wx	ghcr.io/controlplaneio-fluxcd/flux-operator:v0.61.0 
flux-system	flux-operator-55c7f6cff-8sg9m	ghcr.io/controlplaneio-fluxcd/flux-operator:v0.61.0 
flux-system	flux-operator-55c7f6cff-8z5cj	ghcr.io/controlplaneio-fluxcd/flux-operator:v0.61.0 
flux-system	flux-operator-55c7f6cff-9fh7k	ghcr.io/controlplaneio-fluxcd/flux-operator:v0.61.0 
flux-system	flux-operator-55c7f6cff-9knwr	ghcr.io/controlplaneio-fluxcd/flux-operator:v0.61.0 
flux-system	flux-operator-55c7f6cff-9qlct	ghcr.io/controlplaneio-fluxcd/flux-operator:v0.61.0 
flux-system	flux-operator-55c7f6cff-c2vg8	ghcr.io/controlplaneio-fluxcd/flux-operator:v0.61.0 
flux-system	flux-operator-55c7f6cff-c7l58	ghcr.io/controlplaneio-fluxcd/flux-operator:v0.61.0 
flux-system	flux-operator-55c7f6cff-cnx4p	ghcr.io/controlplaneio-fluxcd/flux-operator:v0.61.0 
flux-system	flux-operator-55c7f6cff-cxgr6	ghcr.io/controlplaneio-fluxcd/flux-operator:v0.61.0 
flux-system	flux-operator-55c7f6cff-dm2hd	ghcr.io/controlplaneio-fluxcd/flux-operator:v0.61.0 
flux-system	flux-operator-55c7f6cff-dtt9k	ghcr.io/controlplaneio-fluxcd/flux-operator:v0.61.0 
flux-system	flux-operator-55c7f6cff-dwfcp	ghcr.io/controlplaneio-fluxcd/flux-operator:v0.61.0 
flux-system	flux-operator-55c7f6cff-dxlq5	ghcr.io/controlplaneio-fluxcd/flux-operator:v0.61.0 
flux-system	flux-operator-55c7f6cff-f94bh	ghcr.io/controlplaneio-fluxcd/flux-operator:v0.61.0 
flux-system	flux-operator-55c7f6cff-fbwd5	ghcr.io/controlplaneio-fluxcd/flux-operator:v0.61.0 
flux-system	flux-operator-55c7f6cff-fx4dd	ghcr.io/controlplaneio-fluxcd/flux-operator:v0.61.0 
flux-system	flux-operator-55c7f6cff-g6ncp	ghcr.io/controlplaneio-fluxcd/flux-operator:v0.61.0 
flux-system	flux-operator-55c7f6cff-ggxlf	ghcr.io/controlplaneio-fluxcd/flux-operator:v0.61.0 
flux-system	flux-operator-55c7f6cff-glh6x	ghcr.io/controlplaneio-fluxcd/flux-operator:v0.61.0 
flux-system	flux-operator-55c7f6cff-h985x	ghcr.io/controlplaneio-fluxcd/flux-operator:v0.61.0 
flux-system	flux-operator-55c7f6cff-jj2xc	ghcr.io/controlplaneio-fluxcd/flux-operator:v0.61.0 
flux-system	flux-operator-55c7f6cff-jm9b2	ghcr.io/controlplaneio-fluxcd/flux-operator:v0.61.0 
flux-system	flux-operator-55c7f6cff-jp9wp	ghcr.io/controlplaneio-fluxcd/flux-operator:v0.61.0 
flux-system	flux-operator-55c7f6cff-kcr2m	ghcr.io/controlplaneio-fluxcd/flux-operator:v0.61.0 
flux-system	flux-operator-55c7f6cff-l8x75	ghcr.io/controlplaneio-fluxcd/flux-operator:v0.61.0 
flux-system	flux-operator-55c7f6cff-lcsz6	ghcr.io/controlplaneio-fluxcd/flux-operator:v0.61.0 
flux-system	flux-operator-55c7f6cff-lg2tl	ghcr.io/controlplaneio-fluxcd/flux-operator:v0.61.0 
flux-system	flux-operator-55c7f6cff-lghgf	ghcr.io/controlplaneio-fluxcd/flux-operator:v0.61.0 
flux-system	flux-operator-55c7f6cff-lh9mv	ghcr.io/controlplaneio-fluxcd/flux-operator:v0.61.0 
flux-system	flux-operator-55c7f6cff-lsn4c	ghcr.io/controlplaneio-fluxcd/flux-operator:v0.61.0 
flux-system	flux-operator-55c7f6cff-lzzd7	ghcr.io/controlplaneio-fluxcd/flux-operator:v0.61.0 
flux-system	flux-operator-55c7f6cff-m8424	ghcr.io/controlplaneio-fluxcd/flux-operator:v0.61.0 
flux-system	flux-operator-55c7f6cff-m9w2c	ghcr.io/controlplaneio-fluxcd/flux-operator:v0.61.0 
flux-system	flux-operator-55c7f6cff-mw69n	ghcr.io/controlplaneio-fluxcd/flux-operator:v0.61.0 
flux-system	flux-operator-55c7f6cff-nhjnc	ghcr.io/controlplaneio-fluxcd/flux-operator:v0.61.0 
flux-system	flux-operator-55c7f6cff-p6jtv	ghcr.io/controlplaneio-fluxcd/flux-operator:v0.61.0 
flux-system	flux-operator-55c7f6cff-ppwhn	ghcr.io/controlplaneio-fluxcd/flux-operator:v0.61.0 
flux-system	flux-operator-55c7f6cff-qflxb	ghcr.io/controlplaneio-fluxcd/flux-operator:v0.61.0 
flux-system	flux-operator-55c7f6cff-qzktg	ghcr.io/controlplaneio-fluxcd/flux-operator:v0.61.0 
flux-system	flux-operator-55c7f6cff-qzrtr	ghcr.io/controlplaneio-fluxcd/flux-operator:v0.61.0 
flux-system	flux-operator-55c7f6cff-r9z2l	ghcr.io/controlplaneio-fluxcd/flux-operator:v0.61.0 
flux-system	flux-operator-55c7f6cff-rl4sx	ghcr.io/controlplaneio-fluxcd/flux-operator:v0.61.0 
flux-system	flux-operator-55c7f6cff-rtzc7	ghcr.io/controlplaneio-fluxcd/flux-operator:v0.61.0 
flux-system	flux-operator-55c7f6cff-rw88j	ghcr.io/controlplaneio-fluxcd/flux-operator:v0.61.0 
flux-system	flux-operator-55c7f6cff-sq5ft	ghcr.io/controlplaneio-fluxcd/flux-operator:v0.61.0 
flux-system	flux-operator-55c7f6cff-sqxd5	ghcr.io/controlplaneio-fluxcd/flux-operator:v0.61.0 
flux-system	flux-operator-55c7f6cff-tcq7m	ghcr.io/controlplaneio-fluxcd/flux-operator:v0.61.0 
flux-system	flux-operator-55c7f6cff-tfgp6	ghcr.io/controlplaneio-fluxcd/flux-operator:v0.61.0 
flux-system	flux-operator-55c7f6cff-tjt26	ghcr.io/controlplaneio-fluxcd/flux-operator:v0.61.0 
flux-system	flux-operator-55c7f6cff-v2l8b	ghcr.io/controlplaneio-fluxcd/flux-operator:v0.61.0 
flux-system	flux-operator-55c7f6cff-vtbfp	ghcr.io/controlplaneio-fluxcd/flux-operator:v0.61.0 
flux-system	flux-operator-55c7f6cff-wk67r	ghcr.io/controlplaneio-fluxcd/flux-operator:v0.61.0 
flux-system	flux-operator-55c7f6cff-wlxkb	ghcr.io/controlplaneio-fluxcd/flux-operator:v0.61.0 
flux-system	flux-operator-55c7f6cff-wnz2f	ghcr.io/controlplaneio-fluxcd/flux-operator:v0.61.0 
flux-system	flux-operator-55c7f6cff-wrfxb	ghcr.io/controlplaneio-fluxcd/flux-operator:v0.61.0 
flux-system	flux-operator-55c7f6cff-wxbx2	ghcr.io/controlplaneio-fluxcd/flux-operator:v0.61.0 
flux-system	flux-operator-55c7f6cff-x27lv	ghcr.io/controlplaneio-fluxcd/flux-operator:v0.61.0 
flux-system	flux-operator-55c7f6cff-x4m66	ghcr.io/controlplaneio-fluxcd/flux-operator:v0.61.0 
flux-system	flux-operator-55c7f6cff-xgcpp	ghcr.io/controlplaneio-fluxcd/flux-operator:v0.61.0 
flux-system	flux-operator-55c7f6cff-xggjp	ghcr.io/controlplaneio-fluxcd/flux-operator:v0.61.0 
flux-system	flux-operator-55c7f6cff-xkh6k	ghcr.io/controlplaneio-fluxcd/flux-operator:v0.61.0 
flux-system	flux-operator-55c7f6cff-xn8dc	ghcr.io/controlplaneio-fluxcd/flux-operator:v0.61.0 
flux-system	flux-operator-55c7f6cff-z4gl4	ghcr.io/controlplaneio-fluxcd/flux-operator:v0.61.0 
flux-system	flux-operator-55c7f6cff-zhdb7	ghcr.io/controlplaneio-fluxcd/flux-operator:v0.61.0 
flux-system	helm-controller-76f789c696-ltcbk	ghcr.io/fluxcd/helm-controller:v1.6.5@sha256:0d52fff5c4d476277b8fcb6beb9041e269adb5db943fe69f5a806ea0c92b1511 
flux-system	kustomize-controller-569759577b-2swmv	ghcr.io/fluxcd/kustomize-controller:v1.9.6@sha256:2ebeaa341da77d52b6abbbba5efcee0450d47f8b42f0e6f33b08f9020262d606 
flux-system	notification-controller-54f75fd8c7-6f2m6	ghcr.io/fluxcd/notification-controller:v1.9.4@sha256:840f318265ee26f0d2c48a158bf7896b22aa4e998e320a18646309f0e40b15da 
flux-system	source-controller-78c659b7dd-xdsvj	ghcr.io/fluxcd/source-controller:v1.9.6@sha256:6a6693172589f8ff26123a231d5fa6ceb194a6efb4dc647cdf057c959f76a2e3 
kube-system	cilium-2rk7x	quay.io/cilium/cilium:v1.16.5@sha256:758ca0793f5995bb938a2fa219dcce63dc0b3fa7fc4ce5cc851125281fb7361d 
kube-system	cilium-6jkds	quay.io/cilium/cilium:v1.16.5@sha256:758ca0793f5995bb938a2fa219dcce63dc0b3fa7fc4ce5cc851125281fb7361d 
kube-system	cilium-envoy-4zgkk	quay.io/cilium/cilium-envoy:v1.30.8-1733837904-eaae5aca0fb988583e5617170a65ac5aa51c0aa8@sha256:709c08ade3d17d52da4ca2af33f431360ec26268d288d9a6cd1d98acc9a1dced 
kube-system	cilium-envoy-59cr4	quay.io/cilium/cilium-envoy:v1.30.8-1733837904-eaae5aca0fb988583e5617170a65ac5aa51c0aa8@sha256:709c08ade3d17d52da4ca2af33f431360ec26268d288d9a6cd1d98acc9a1dced 
kube-system	cilium-envoy-tm47p	quay.io/cilium/cilium-envoy:v1.30.8-1733837904-eaae5aca0fb988583e5617170a65ac5aa51c0aa8@sha256:709c08ade3d17d52da4ca2af33f431360ec26268d288d9a6cd1d98acc9a1dced 
kube-system	cilium-kwmcj	quay.io/cilium/cilium:v1.16.5@sha256:758ca0793f5995bb938a2fa219dcce63dc0b3fa7fc4ce5cc851125281fb7361d 
kube-system	cilium-operator-7c88748874-8mgcf	quay.io/cilium/operator-generic:v1.16.5@sha256:f7884848483bbcd7b1e0ccfd34ba4546f258b460cb4b7e2f06a1bcc96ef88039 
kube-system	coredns-66bc5c9577-9b8vt	registry.k8s.io/coredns/coredns:v1.12.1 
kube-system	coredns-66bc5c9577-v9lmq	registry.k8s.io/coredns/coredns:v1.12.1 
kube-system	etcd-bench3-cp-1	registry.k8s.io/etcd:3.6.5-0 
kube-system	kube-apiserver-bench3-cp-1	registry.k8s.io/kube-apiserver:v1.34.12 
kube-system	kube-controller-manager-bench3-cp-1	registry.k8s.io/kube-controller-manager:v1.34.12 
kube-system	kube-proxy-27ctf	registry.k8s.io/kube-proxy:v1.34.12 
kube-system	kube-proxy-lgmv4	registry.k8s.io/kube-proxy:v1.34.12 
kube-system	kube-proxy-qb78h	registry.k8s.io/kube-proxy:v1.34.12 
kube-system	kube-scheduler-bench3-cp-1	registry.k8s.io/kube-scheduler:v1.34.12 
