flint-bench	bench-sampler-9fllh	alpine:3.20 
flint-bench	bench-sampler-gmkjc	alpine:3.20 
flint-bench	bench-sampler-hbktg	alpine:3.20 
flint-bench	fio-flint-r3	alpine:3.20 
flint-system	flint-csi-controller-75f9ccbc44-k9zd9	localhost:5002/dilipdalton/flint-driver:1.58.0 registry.k8s.io/sig-storage/csi-provisioner:v3.6.0 registry.k8s.io/sig-storage/csi-attacher:v4.4.0 registry.k8s.io/sig-storage/csi-resizer:v1.9.0 registry.k8s.io/sig-storage/csi-snapshotter:v6.3.0 registry.k8s.io/sig-storage/livenessprobe:v2.11.0 
flint-system	flint-csi-node-mqht8	localhost:5002/dilipdalton/flint-driver:1.58.0 registry.k8s.io/sig-storage/csi-node-driver-registrar:v2.9.0 registry.k8s.io/sig-storage/livenessprobe:v2.11.0 
flint-system	flint-csi-node-rzwzs	localhost:5002/dilipdalton/flint-driver:1.58.0 registry.k8s.io/sig-storage/csi-node-driver-registrar:v2.9.0 registry.k8s.io/sig-storage/livenessprobe:v2.11.0 
flint-system	flint-csi-node-x6xqt	localhost:5002/dilipdalton/flint-driver:1.58.0 registry.k8s.io/sig-storage/csi-node-driver-registrar:v2.9.0 registry.k8s.io/sig-storage/livenessprobe:v2.11.0 
flint-system	snapshot-controller-75cc446f55-h8p8h	registry.k8s.io/sig-storage/snapshot-controller:v6.3.0 
kube-system	coredns-66bc5c9577-rpnzf	registry.k8s.io/coredns/coredns:v1.12.1 
kube-system	coredns-66bc5c9577-v8t5q	registry.k8s.io/coredns/coredns:v1.12.1 
kube-system	etcd-flint-chainsaw-spdk-control-plane	registry.k8s.io/etcd:3.6.4-0 
kube-system	kindnet-44bmn	docker.io/kindest/kindnetd:v20250512-df8de77b 
kube-system	kindnet-5tskk	docker.io/kindest/kindnetd:v20250512-df8de77b 
kube-system	kindnet-94mzk	docker.io/kindest/kindnetd:v20250512-df8de77b 
kube-system	kube-apiserver-flint-chainsaw-spdk-control-plane	registry.k8s.io/kube-apiserver:v1.34.0 
kube-system	kube-controller-manager-flint-chainsaw-spdk-control-plane	registry.k8s.io/kube-controller-manager:v1.34.0 
kube-system	kube-proxy-7qfn2	registry.k8s.io/kube-proxy:v1.34.0 
kube-system	kube-proxy-jxdqt	registry.k8s.io/kube-proxy:v1.34.0 
kube-system	kube-proxy-jxkdr	registry.k8s.io/kube-proxy:v1.34.0 
kube-system	kube-scheduler-flint-chainsaw-spdk-control-plane	registry.k8s.io/kube-scheduler:v1.34.0 
local-path-storage	local-path-provisioner-7b8c8ddbd6-zb4mh	docker.io/kindest/local-path-provisioner:v20250214-acbabc1a 
