LeanP2Holds	HOLDS
LeanP2Holds1p3b	HOLDS
LeanP2LiveHolds	HOLDS
LeanP2NoR7	Prop_NoSilentRevert
LeanP2VerifyOff	Inv_CitationsLive
LeanP2SweepFree	Inv_CitationsLive
LeanP2ForeignFlat	Prop_NoSilentRevert
LeanP2CollectorGreedy	RECORD
LeanP2WithheldReverts	Prop_NoSilentRevert
LeanP2DeleteOverrideOff	HOLDS
LeanP2SyncNoPrune	Inv_NoRegress
LeanP2LiveWaitsOnLease	Temporal
LeanP2GatewayBlind	Prop_NoSilentRevert
LeanP2SweepNoGrace	Inv_CitationsLive
LeanP2RenameTwoCAS	Inv_OneName
LeanP2ProbeStalledSave	ProbeStalledSave
LeanP2ProbeSavedUnderLease	ProbeSavedUnderLease
LeanP2ProbeSaveRefused	ProbeSaveRefused
LeanP2ProbeRenamed	ProbeRenamed
LeanP2ProbeSurfaced	ProbeSurfaced
LeanP2ProbeDeleteOverridden	ProbeDeleteOverridden
LeanP2ProbeRepublish	ProbeRepublish
LeanP2ProbeRestartAfterCas	ProbeRestartAfterCas
