flint-bench	bench-sampler-42p8s	alpine:3.20 
flint-bench	bench-sampler-fgwhj	alpine:3.20 
flint-bench	bench-sampler-thdqm	alpine:3.20 
flint-bench	fio-cowab	alpine:3.20 
flint-system	flint-csi-controller-5b769cf966-vt6qt	localhost:5002/dilipdalton/flint-driver:1.58.0 registry.k8s.io/sig-storage/csi-provisioner:v3.6.0 registry.k8s.io/sig-storage/csi-attacher:v4.4.0 registry.k8s.io/sig-storage/csi-resizer:v1.9.0 registry.k8s.io/sig-storage/csi-snapshotter:v6.3.0 registry.k8s.io/sig-storage/livenessprobe:v2.11.0 
flint-system	flint-csi-node-7bhqd	localhost:5002/dilipdalton/flint-driver:1.58.0 registry.k8s.io/sig-storage/csi-node-driver-registrar:v2.9.0 registry.k8s.io/sig-storage/livenessprobe:v2.11.0 
flint-system	flint-csi-node-f29dh	localhost:5002/dilipdalton/flint-driver:1.58.0 registry.k8s.io/sig-storage/csi-node-driver-registrar:v2.9.0 registry.k8s.io/sig-storage/livenessprobe:v2.11.0 
flint-system	flint-csi-node-x44vm	localhost:5002/dilipdalton/flint-driver:1.58.0 registry.k8s.io/sig-storage/csi-node-driver-registrar:v2.9.0 registry.k8s.io/sig-storage/livenessprobe:v2.11.0 
flint-system	snapshot-controller-75cc446f55-h8lx2	registry.k8s.io/sig-storage/snapshot-controller:v6.3.0 
kube-system	coredns-66bc5c9577-497xh	registry.k8s.io/coredns/coredns:v1.12.1 
kube-system	coredns-66bc5c9577-9vfsj	registry.k8s.io/coredns/coredns:v1.12.1 
kube-system	etcd-flint-chainsaw-spdk-control-plane	registry.k8s.io/etcd:3.6.4-0 
kube-system	kindnet-42q86	docker.io/kindest/kindnetd:v20250512-df8de77b 
kube-system	kindnet-7kbm7	docker.io/kindest/kindnetd:v20250512-df8de77b 
kube-system	kindnet-bwcnr	docker.io/kindest/kindnetd:v20250512-df8de77b 
kube-system	kube-apiserver-flint-chainsaw-spdk-control-plane	registry.k8s.io/kube-apiserver:v1.34.0 
kube-system	kube-controller-manager-flint-chainsaw-spdk-control-plane	registry.k8s.io/kube-controller-manager:v1.34.0 
kube-system	kube-proxy-46q2k	registry.k8s.io/kube-proxy:v1.34.0 
kube-system	kube-proxy-kcwh6	registry.k8s.io/kube-proxy:v1.34.0 
kube-system	kube-proxy-m6nq2	registry.k8s.io/kube-proxy:v1.34.0 
kube-system	kube-scheduler-flint-chainsaw-spdk-control-plane	registry.k8s.io/kube-scheduler:v1.34.0 
local-path-storage	local-path-provisioner-7b8c8ddbd6-64wlf	docker.io/kindest/local-path-provisioner:v20250214-acbabc1a 
