1	small	L-ship	5069	4173	163840000	20000	0
1	small	L-0912	4955	4333	163840000	20000	0
1	small	L-raw	4718	3857	163840000	20000	0
1	small	L-0910	16130	15333	163840000	20000	0
1	small	L-slow	243146	242441	163840000	20000	0
1	small	P-1	1079214	-	163840000	20000	-
1	small	P-32	69492	-	163840000	20000	-
1	small	Pw-32	67773	-	163840000	20000	-
1	small	P-meta	2355	-	-	20000	-
1	small	PC-32	33872	-	163840000	20000	-
1	small	PCw-32	11900	-	163840000	20000	-
1	small	S-32	69994	-	163840000	20000	-
1	-	ctl	0	0	-	-	-
2	small	L-ship	5349	4398	163840000	20000	0
2	small	L-0912	6116	5382	163840000	20000	0
2	small	L-raw	4889	3962	163840000	20000	0
2	small	L-0910	16057	15183	163840000	20000	0
2	small	P-32	64848	-	163840000	20000	-
2	small	Pw-32	66592	-	163840000	20000	-
2	small	P-meta	2070	-	-	20000	-
2	small	PC-32	32938	-	163840000	20000	-
2	small	PCw-32	12095	-	163840000	20000	-
2	small	S-32	70236	-	163840000	20000	-
2	-	ctl	0	0	-	-	-
3	small	L-ship	5070	4178	163840000	20000	0
3	small	L-0912	5734	5055	163840000	20000	0
3	small	L-raw	4886	3956	163840000	20000	0
3	small	L-0910	16038	15226	163840000	20000	0
3	small	P-32	64696	-	163840000	20000	-
3	small	Pw-32	66362	-	163840000	20000	-
3	small	P-meta	2195	-	-	20000	-
3	small	PC-32	31938	-	163840000	20000	-
3	small	PCw-32	11611	-	163840000	20000	-
3	small	S-32	68528	-	163840000	20000	-
3	-	ctl	0	0	-	-	-
