LeanCoreProbeRemovalOutranked	LeanCore	Invariant ProbeRemovalOutranked
LeanRefineQueue	LeanRefine	HOLDS
LeanRefineProbe	LeanRefine	HOLDS
LeanImmutableHolds	LeanSubtree	HOLDS
LeanImmutableQueueHolds	LeanSubtree	HOLDS
LeanImmutableNarrowHolds	LeanSubtree	HOLDS
LeanImmutableNarrowUnlinkFirst	LeanSubtree	Invariant Inv_NarrowNeverDeletes
LeanImmutableNarrowUncieFirst	LeanSubtree	Invariant Inv_NarrowNeverRecites
LeanImmutableProbeNarrow	LeanSubtree	Invariant ProbeNarrow
LeanImmutableSyncQueueHolds	LeanSubtree	HOLDS
LeanImmutableSyncQueueRegress	LeanSubtree	Invariant Inv_ConsumeNeverRegresses
LeanImmutableSyncQueueShippedInvs	LeanSubtree	HOLDS
LeanImmutableRepairRecites	LeanSubtree	Invariant Inv_OneName
LeanImmutableRepairOverridesUI	LeanSubtree	Invariant Inv_HITLDurable
LeanImmutablePendingAdoptionDropped	LeanSubtree	Invariant Inv_HITLDurable
LeanImmutableProbePending	LeanSubtree	Invariant ProbePendingKept
LeanImmutableAnsweredRecordSkipped	LeanSubtree	Invariant Inv_OneName
LeanImmutableRetirePerPath	LeanSubtree	Invariant Inv_NoDangling
LeanImmutableCasCitesBlind	LeanSubtree	Invariant Inv_NoDangling
LeanImmutableCasVerifies	LeanSubtree	HOLDS
LeanImmutableSweepLeaseFree	LeanSubtree	Invariant Inv_NoDangling
LeanImmutableSweepTakesTracked	LeanSubtree	Invariant Inv_HITLDurable
LeanImmutableGCUnconditional	LeanSubtree	HOLDS
LeanImmutableAdoptBlind	LeanSubtree	HOLDS
LeanImmutableHitlOverAny	LeanSubtree	HOLDS
LeanImmutableCasOverridesUI	LeanSubtree	Invariant Inv_HITLDurable
LeanImmutableCasOverridesPeer	LeanSubtree	Invariant Inv_NoStaleOverride
LeanImmutableLeakHolds	LeanSubtree	HOLDS
LeanImmutableStragglerGC	LeanSubtree	HOLDS
LeanImmutableOrphanCollected	LeanSubtree	HOLDS
LeanImmutableProbeSwept	LeanSubtree	Invariant ProbeSwept
LeanImmutableProbeGC	LeanSubtree	Invariant ProbeGC
LeanImmutableProbeUploadWithheld	LeanSubtree	Invariant ProbeUploadWithheld
LeanImmutableProbeHITLCited	LeanSubtree	Invariant ProbeHITLCited
LeanImmutableProbeRename	LeanSubtree	Invariant ProbeRenameApplied
LeanImmutableProbeSyncApplied	LeanSubtree	Invariant ProbeSyncApplied
LeanImmutableSyncStaleDirt	LeanSubtree	Invariant Inv_SyncNeverDestroysDirty
LeanImmutableSyncHolds	LeanSubtree	HOLDS
LeanImmutableSyncOverlayStale	LeanSubtree	Invariant Inv_NoForeignLost
LeanImmutableProbeSentinelHonored	LeanSubtree	Invariant ProbeSentinelHonored
LeanImmutableSentinelQueueDropped	LeanSubtree	Invariant Inv_AckBoundaryCoherent
LeanImmutableSentinelUnstamped	LeanSubtree	Invariant Inv_BoundaryNamesItsClock
LeanImmutableSentinelOutrankedOk	LeanSubtree	Invariant Inv_AckImpliesCited
LeanImmutableSentinelImpl1	LeanSubtree	HOLDS
