ForgeSyncCode	HOLDS
ForgeSyncCodeLive	HOLDS
ForgeSyncCodeOverlap	HOLDS
ForgeSyncCodeNeededQueued	Inv_NamedIsLanded
ForgeSyncCodeKeptSetAnyDrop	Inv_(AckedIsDurable|LandedPackComplete)
ForgeSyncCodeKeptSetVsOriginal	Inv_(AckedIsDurable|LandedPackComplete)
ForgeSyncCodeKeptSetWhileServing	Inv_(AckedIsDurable|LandedPackComplete)
ForgeSyncCodeKeptSetNoRenew	Inv_NoStragglerLandAfterRestore
ForgeSyncCodeProbeKeptSetCommits	ProbeKeptSetCommits
ForgeSyncCodeProbeKeptSetResidue	ProbeKeptSetDropsResidue
ForgeSyncCodeProbeKeptSetCovered	ProbeKeptSetDropsCovered
