ForgeSync	HOLDS
ForgeSyncLive	HOLDS
ForgeSyncEarlyAck	Inv_AckedIsDurable
ForgeSyncNoIdxGate	Inv_(NamedIsUploaded|LandedPackComplete)
ForgeSyncNoTickOnHash	Inv_NoSkipOverMovement
ForgeSyncNoRotate	Inv_NoStragglerLandAfterRestore
ForgeSyncCasBeforePacks	Inv_LandedPackComplete
ForgeSyncProbeToldFailed	Inv_NoToldFailedButDurable
ForgeSyncFoldNoRenew	Inv_NoStragglerLandAfterRestore
ForgeSyncRacyGrace	Inv_(AckedIsDurable|NamedIsUploaded|LandedPackComplete)
ForgeSyncFoldCasBeforeUpload	Inv_(AckedIsDurable|NamedIsUploaded|LandedPackComplete)
ForgeSyncFoldCasFromDisk	Inv_NamedIsUploaded
ForgeSyncProveFromDiskRetention	Inv_ProofNeverRestsOnRetention
ForgeSyncListingKeepsRetained	Inv_NamedIsUploaded
ForgeSyncProveFromDisk	Inv_ProofIsOfTheBucket
ForgeSyncFoldCommitMidBatch	Inv_ProofNeverRestsOnRetention
ForgeSyncFoldSupersedesArrivals	Inv_LandedPackComplete
ForgeSyncFoldReachableCoverage	Inv_LandedPackComplete
ForgeSyncReclaimWhileServing	Inv_(AckedIsDurable|LandedPackComplete)
ForgeSyncForgetPushPack	Inv_LandedPackComplete
ForgeSyncReclaimUnlinksServing	Inv_(AckedIsDurable|LandedPackComplete)
ForgeSyncReclaimAtRestore	Inv_LandedPackComplete
ForgeSyncReclaimBySet	Inv_LandedPackComplete
ForgeSyncFoldTicksBatchSensor	Inv_NoRenewOverWedge
