LeanP1Holds	HOLDS
LeanP1Holds1p3b	HOLDS
LeanP1LiveHolds	HOLDS
LeanP1NoR7	Prop_NoSilentRevert
LeanP1VerifyOff	Inv_CitationsLive
LeanP1SweepFree	Inv_CitationsLive
LeanP1CollectorGreedy	RECORD
LeanP1DeleteOverrideOff	HOLDS
LeanP1DeleteOutranked	Prop_DeleteSettles
LeanP1NoConvergence	RECORD
LeanP1OwedUnmarked	Inv_ShortcutSound
LeanP1AdvanceUnguarded	Inv_ShortcutSound
LeanP1ReaderLoses	Inv_ReaderFetches
LeanP1LiveWaitsOnLease	Temporal
LeanP1GatewayBlind	Prop_NoSilentRevert
LeanP1SweepNoGrace	Inv_CitationsLive
LeanP1RenameTwoCAS	Inv_OneName
LeanP1ProbeStalledSave	ProbeStalledSave
LeanP1ProbeSavedUnderLease	ProbeSavedUnderLease
LeanP1ProbeSaveRefused	ProbeSaveRefused
LeanP1ProbeRenamed	ProbeRenamed
LeanP1ProbeSurfaced	ProbeSurfaced
LeanP1ProbeDeleteOverridden	ProbeDeleteOverridden
LeanP1ProbeDeleteOverTheirs	ProbeDeleteOverTheirs
LeanP1ProbeShortcut	ProbeShortcut
LeanP1ProbeReaped	ProbeReaped
LeanP1ProbeConverged	ProbeConverged
LeanP1ProbeRepublish	ProbeRepublish
LeanP1ProbeRestartAfterCas	ProbeRestartAfterCas
LeanP1LiveHoldsSmall	HOLDS
LeanP1LiveWaitsOnLeaseSmall	Temporal
LeanP1ScopeHolds	HOLDS
LeanP1ScopeIgnored	Prop_ScopeRespected
LeanP1WidenOverwrites	Prop_AgentWorkKept
LeanP1NarrowUnlinkFirst	Prop_NarrowNeverDeletes
LeanP1UnlinkBlind	Prop_AgentWorkKept
LeanP1ProbeNarrowed	ProbeNarrowed
LeanP1ProbeWidened	ProbeWidened
LeanP1ProbeRescopeReplayed	ProbeRescopeReplayed
LeanP1ProbeOutOfScopePublished	ProbeOutOfScopePublished
LeanP1FetchHolds	HOLDS
LeanP1ConsumeLeftRecorded	Inv_ShortcutSound
LeanP1SyncLeftRecorded	Inv_ShortcutSound
LeanP1ProbeFetchFailed	ProbeFetchFailed
LeanP1ScopeFetchHolds	HOLDS
LeanP1ReaderHolds	HOLDS
LeanP1ReaderScopeHolds	HOLDS
LeanP1ReaderOwedIgnored	Inv_ReaderSound
LeanP1ProbeReaderPulled	ProbeReaderPulled
LeanP1ProbeReaderSkipped	ProbeReaderSkipped
LeanP1AllHolds	HOLDS
LeanP1ProbeReaderRescoped	ProbeReaderRescoped
LeanP1ProbeReaderPulledMidRescope	ProbeReaderPulledMidRescope
