driver,storageclass,test,metric,median,min,max,reps,dir
flint-r1,flint-bench-r1,iops_mixed70_4k,iops,185453.90455099999,172197.165024,191111.515737,3,results/2026-10-07-ec2-phase1/flint-r1
flint-r1,flint-bench-r1,iops_mixed70_4k,mib_s,724.4334478378296,672.6492443084717,746.5334920883179,3,results/2026-10-07-ec2-phase1/flint-r1
flint-r1,flint-bench-r1,iops_mixed70_4k,read_p50_us,684.032,659.456,724.992,3,results/2026-10-07-ec2-phase1/flint-r1
flint-r1,flint-bench-r1,iops_mixed70_4k,read_p99_us,1089.536,1056.768,1138.688,3,results/2026-10-07-ec2-phase1/flint-r1
flint-r1,flint-bench-r1,iops_mixed70_4k,read_p99.9_us,1335.296,1302.528,1384.448,3,results/2026-10-07-ec2-phase1/flint-r1
flint-r1,flint-bench-r1,iops_mixed70_4k,write_p50_us,643.072,618.496,716.8,3,results/2026-10-07-ec2-phase1/flint-r1
flint-r1,flint-bench-r1,iops_mixed70_4k,write_p99_us,1073.152,1036.288,1122.304,3,results/2026-10-07-ec2-phase1/flint-r1
flint-r1,flint-bench-r1,iops_mixed70_4k,write_p99.9_us,3293.184,3194.88,3784.704,3,results/2026-10-07-ec2-phase1/flint-r1
flint-r1,flint-bench-r1,iops_mixed70_4k,storage_cores,3.0069999999999997,3.0060000000000002,3.0069999999999997,3,results/2026-10-07-ec2-phase1/flint-r1
flint-r1,flint-bench-r1,iops_mixed70_4k,iops_per_core,61694.57902561543,57265.43565813103,63555.5423136016,3,results/2026-10-07-ec2-phase1/flint-r1
flint-r3,flint-bench-r3,iops_mixed70_4k,iops,7965.556294500001,2278.140138,13652.972451000001,2,results/2026-10-07-ec2-phase1/flint-r3
flint-r3,flint-bench-r3,iops_mixed70_4k,mib_s,31.119483947753906,8.903008460998535,53.33595943450928,2,results/2026-10-07-ec2-phase1/flint-r3
flint-r3,flint-bench-r3,iops_mixed70_4k,read_p50_us,525.312,301.056,749.568,2,results/2026-10-07-ec2-phase1/flint-r3
flint-r3,flint-bench-r3,iops_mixed70_4k,read_p99_us,1843.2,1597.44,2088.96,2,results/2026-10-07-ec2-phase1/flint-r3
flint-r3,flint-bench-r3,iops_mixed70_4k,read_p99.9_us,2314.24,1925.12,2703.36,2,results/2026-10-07-ec2-phase1/flint-r3
flint-r3,flint-bench-r3,iops_mixed70_4k,write_p50_us,160985.088,1105.92,320864.256,2,results/2026-10-07-ec2-phase1/flint-r3
flint-r3,flint-bench-r3,iops_mixed70_4k,write_p99_us,346030.07999999996,299892.736,392167.424,2,results/2026-10-07-ec2-phase1/flint-r3
flint-r3,flint-bench-r3,iops_mixed70_4k,write_p99.9_us,458227.71200000006,333447.168,583008.256,2,results/2026-10-07-ec2-phase1/flint-r3
flint-r3,flint-bench-r3,iops_mixed70_4k,storage_cores,3.0055,3.005,3.0060000000000002,2,results/2026-10-07-ec2-phase1/flint-r3
flint-r3,flint-bench-r3,iops_mixed70_4k,iops_per_core,2650.6413851385423,757.8643173652695,4543.418452911815,2,results/2026-10-07-ec2-phase1/flint-r3
flint-r1,flint-bench-r1,iops_randread_4k,iops,187316.814027,186211.17324,198977.783518,3,results/2026-10-07-ec2-phase1/flint-r1
flint-r1,flint-bench-r1,iops_randread_4k,mib_s,731.7103404998779,727.3914966583252,777.2610025405884,3,results/2026-10-07-ec2-phase1/flint-r1
flint-r1,flint-bench-r1,iops_randread_4k,read_p50_us,675.84,634.88,675.84,3,results/2026-10-07-ec2-phase1/flint-r1
flint-r1,flint-bench-r1,iops_randread_4k,read_p99_us,1073.152,1011.712,1073.152,3,results/2026-10-07-ec2-phase1/flint-r1
flint-r1,flint-bench-r1,iops_randread_4k,read_p99.9_us,1368.064,1335.296,1384.448,3,results/2026-10-07-ec2-phase1/flint-r1
flint-r1,flint-bench-r1,iops_randread_4k,storage_cores,3.0060000000000002,3.0060000000000002,3.0060000000000002,3,results/2026-10-07-ec2-phase1/flint-r1
flint-r1,flint-bench-r1,iops_randread_4k,iops_per_core,62314.309390219554,61946.49808383233,66193.5407578177,3,results/2026-10-07-ec2-phase1/flint-r1
flint-r3,flint-bench-r3,iops_randread_4k,iops,156251.114574,149351.938734,161689.752585,3,results/2026-10-07-ec2-phase1/flint-r3
flint-r3,flint-bench-r3,iops_randread_4k,mib_s,610.3599519729614,583.4100465774536,631.604697227478,3,results/2026-10-07-ec2-phase1/flint-r3
flint-r3,flint-bench-r3,iops_randread_4k,read_p50_us,798.72,774.144,831.488,3,results/2026-10-07-ec2-phase1/flint-r3
flint-r3,flint-bench-r3,iops_randread_4k,read_p99_us,1368.064,1302.528,1417.216,3,results/2026-10-07-ec2-phase1/flint-r3
flint-r3,flint-bench-r3,iops_randread_4k,read_p99.9_us,1597.44,1515.52,1630.208,3,results/2026-10-07-ec2-phase1/flint-r3
flint-r3,flint-bench-r3,iops_randread_4k,storage_cores,3.006,3.005,3.006,3,results/2026-10-07-ec2-phase1/flint-r3
flint-r3,flint-bench-r3,iops_randread_4k,iops_per_core,51979.745367265474,49684.61035728543,53806.906018302834,3,results/2026-10-07-ec2-phase1/flint-r3
flint-r1,flint-bench-r1,iops_randwrite_4k,iops,110129.856169,110129.831169,110129.897835,3,results/2026-10-07-ec2-phase1/flint-r1
flint-r1,flint-bench-r1,iops_randwrite_4k,mib_s,430.1988191604614,430.1986885070801,430.1990146636963,3,results/2026-10-07-ec2-phase1/flint-r1
flint-r1,flint-bench-r1,iops_randwrite_4k,write_p50_us,1155.072,1155.072,1155.072,3,results/2026-10-07-ec2-phase1/flint-r1
flint-r1,flint-bench-r1,iops_randwrite_4k,write_p99_us,1269.76,1253.376,1286.144,3,results/2026-10-07-ec2-phase1/flint-r1
flint-r1,flint-bench-r1,iops_randwrite_4k,write_p99.9_us,1892.352,1875.968,2146.304,3,results/2026-10-07-ec2-phase1/flint-r1
flint-r1,flint-bench-r1,iops_randwrite_4k,storage_cores,3.0060000000000002,3.0060000000000002,3.0069999999999997,3,results/2026-10-07-ec2-phase1/flint-r1
flint-r1,flint-bench-r1,iops_randwrite_4k,iops_per_core,36636.67038223553,36624.494901563026,36636.69255988023,3,results/2026-10-07-ec2-phase1/flint-r1
flint-r3,flint-bench-r3,iops_randwrite_4k,iops,571.524725,556.568494,600.483577,3,results/2026-10-07-ec2-phase1/flint-r3
flint-r3,flint-bench-r3,iops_randwrite_4k,mib_s,2.2365427017211914,2.1781206130981445,2.3496627807617188,3,results/2026-10-07-ec2-phase1/flint-r3
flint-r3,flint-bench-r3,iops_randwrite_4k,write_p50_us,325058.56,320864.256,337641.472,3,results/2026-10-07-ec2-phase1/flint-r3
flint-r3,flint-bench-r3,iops_randwrite_4k,write_p99_us,379584.512,379584.512,400556.032,3,results/2026-10-07-ec2-phase1/flint-r3
flint-r3,flint-bench-r3,iops_randwrite_4k,write_p99.9_us,557842.432,541065.216,591396.864,3,results/2026-10-07-ec2-phase1/flint-r3
flint-r3,flint-bench-r3,iops_randwrite_4k,storage_cores,3.0060000000000002,3.0060000000000002,3.0069999999999997,3,results/2026-10-07-ec2-phase1/flint-r3
flint-r3,flint-bench-r3,iops_randwrite_4k,iops_per_core,190.06475723312272,185.15252628077178,199.76166899534263,3,results/2026-10-07-ec2-phase1/flint-r3
flint-r1,flint-bench-r1,lat_randread_4k,iops,6843.076308,6769.818585,7137.473854,3,results/2026-10-07-ec2-phase1/flint-r1
flint-r1,flint-bench-r1,lat_randread_4k,mib_s,26.730798721313477,26.444602966308594,27.880756378173828,3,results/2026-10-07-ec2-phase1/flint-r1
flint-r1,flint-bench-r1,lat_randread_4k,read_p50_us,128.512,124.416,129.536,3,results/2026-10-07-ec2-phase1/flint-r1
flint-r1,flint-bench-r1,lat_randread_4k,read_p99_us,164.864,156.672,168.96,3,results/2026-10-07-ec2-phase1/flint-r1
flint-r1,flint-bench-r1,lat_randread_4k,read_p99.9_us,552.96,544.768,552.96,3,results/2026-10-07-ec2-phase1/flint-r1
flint-r1,flint-bench-r1,lat_randread_4k,storage_cores,3.0060000000000002,3.0060000000000002,3.0060000000000002,3,results/2026-10-07-ec2-phase1/flint-r1
flint-r1,flint-bench-r1,lat_randread_4k,iops_per_core,2276.472491017964,2252.101991017964,2374.4091330671986,3,results/2026-10-07-ec2-phase1/flint-r1
flint-r3,flint-bench-r3,lat_randread_4k,iops,4292.605895,4218.181515,4341.397155,3,results/2026-10-07-ec2-phase1/flint-r3
flint-r3,flint-bench-r3,lat_randread_4k,mib_s,16.767991065979004,16.47727108001709,16.958581924438477,3,results/2026-10-07-ec2-phase1/flint-r3
flint-r3,flint-bench-r3,lat_randread_4k,read_p50_us,218.112,216.064,220.16,3,results/2026-10-07-ec2-phase1/flint-r3
flint-r3,flint-bench-r3,lat_randread_4k,read_p99_us,261.12,259.072,268.288,3,results/2026-10-07-ec2-phase1/flint-r3
flint-r3,flint-bench-r3,lat_randread_4k,read_p99.9_us,350.208,342.016,374.784,3,results/2026-10-07-ec2-phase1/flint-r3
flint-r3,flint-bench-r3,lat_randread_4k,storage_cores,3.0060000000000002,3.0060000000000002,3.0069999999999997,3,results/2026-10-07-ec2-phase1/flint-r3
flint-r3,flint-bench-r3,lat_randread_4k,iops_per_core,1428.012606453759,1403.253997005988,1443.7636032590622,3,results/2026-10-07-ec2-phase1/flint-r3
flint-r1,flint-bench-r1,lat_randwrite_4k,iops,16384.955125,15432.229731,17040.36633,3,results/2026-10-07-ec2-phase1/flint-r1
flint-r1,flint-bench-r1,lat_randwrite_4k,mib_s,64.00373077392578,60.28214645385742,66.56393051147461,3,results/2026-10-07-ec2-phase1/flint-r1
flint-r1,flint-bench-r1,lat_randwrite_4k,write_p50_us,47.872,46.336,49.92,3,results/2026-10-07-ec2-phase1/flint-r1
flint-r1,flint-bench-r1,lat_randwrite_4k,write_p99_us,72.192,70.144,77.312,3,results/2026-10-07-ec2-phase1/flint-r1
flint-r1,flint-bench-r1,lat_randwrite_4k,write_p99.9_us,173.056,166.912,193.536,3,results/2026-10-07-ec2-phase1/flint-r1
flint-r1,flint-bench-r1,lat_randwrite_4k,storage_cores,3.0060000000000002,3.0060000000000002,3.0060000000000002,3,results/2026-10-07-ec2-phase1/flint-r1
flint-r1,flint-bench-r1,lat_randwrite_4k,iops_per_core,5450.750207917498,5133.808959081835,5668.784540918164,3,results/2026-10-07-ec2-phase1/flint-r1
flint-r3,flint-bench-r3,lat_randwrite_4k,iops,453.217446,422.534624,519.862003,3,results/2026-10-07-ec2-phase1/flint-r3
flint-r3,flint-bench-r3,lat_randwrite_4k,mib_s,1.7703800201416016,1.6505250930786133,2.030710220336914,3,results/2026-10-07-ec2-phase1/flint-r3
flint-r3,flint-bench-r3,lat_randwrite_4k,write_p50_us,2670.592,2637.824,2670.592,3,results/2026-10-07-ec2-phase1/flint-r3
flint-r3,flint-bench-r3,lat_randwrite_4k,write_p99_us,6127.616,4620.288,6455.296,3,results/2026-10-07-ec2-phase1/flint-r3
flint-r3,flint-bench-r3,lat_randwrite_4k,write_p99.9_us,11730.944,11730.944,12255.232,3,results/2026-10-07-ec2-phase1/flint-r3
flint-r3,flint-bench-r3,lat_randwrite_4k,storage_cores,3.0060000000000002,3.0060000000000002,3.0060000000000002,3,results/2026-10-07-ec2-phase1/flint-r3
flint-r3,flint-bench-r3,lat_randwrite_4k,iops_per_core,150.77094011976047,140.56374717232202,172.94145143047237,3,results/2026-10-07-ec2-phase1/flint-r3
flint-r1,flint-bench-r1,seq_read_128k,iops,10850.494158,10850.494158,10850.510825,3,results/2026-10-07-ec2-phase1/flint-r1
flint-r1,flint-bench-r1,seq_read_128k,mib_s,1356.3273944854736,1356.3273944854736,1356.3294773101807,3,results/2026-10-07-ec2-phase1/flint-r1
flint-r1,flint-bench-r1,seq_read_128k,read_p50_us,1449.984,1449.984,1449.984,3,results/2026-10-07-ec2-phase1/flint-r1
flint-r1,flint-bench-r1,seq_read_128k,read_p99_us,1908.736,1875.968,2056.192,3,results/2026-10-07-ec2-phase1/flint-r1
flint-r1,flint-bench-r1,seq_read_128k,read_p99.9_us,2605.056,2539.52,2736.128,3,results/2026-10-07-ec2-phase1/flint-r1
flint-r1,flint-bench-r1,seq_read_128k,storage_cores,3.0060000000000002,3.0060000000000002,3.0060000000000002,3,results/2026-10-07-ec2-phase1/flint-r1
flint-r1,flint-bench-r1,seq_read_128k,iops_per_core,3609.6121616766463,3609.6121616766463,3609.617706254158,3,results/2026-10-07-ec2-phase1/flint-r1
flint-r3,flint-bench-r3,seq_read_128k,iops,18109.536587,17379.205173,18839.868001,2,results/2026-10-07-ec2-phase1/flint-r3
flint-r3,flint-bench-r3,seq_read_128k,mib_s,2263.708218574524,2172.416271209717,2355.000165939331,2,results/2026-10-07-ec2-phase1/flint-r3
flint-r3,flint-bench-r3,seq_read_128k,read_p50_us,892.928,856.064,929.792,2,results/2026-10-07-ec2-phase1/flint-r3
flint-r3,flint-bench-r3,seq_read_128k,read_p99_us,1425.408,1368.064,1482.752,2,results/2026-10-07-ec2-phase1/flint-r3
flint-r3,flint-bench-r3,seq_read_128k,read_p99.9_us,1687.5520000000001,1630.208,1744.896,2,results/2026-10-07-ec2-phase1/flint-r3
flint-r3,flint-bench-r3,seq_read_128k,storage_cores,3.001,3.0,3.002,2,results/2026-10-07-ec2-phase1/flint-r3
flint-r3,flint-bench-r3,seq_read_128k,iops_per_core,6034.4202716159225,5793.068391,6275.772152231845,2,results/2026-10-07-ec2-phase1/flint-r3
flint-r1,flint-bench-r1,seq_read_1m,iops,1356.206046,1356.206046,1356.206046,3,results/2026-10-07-ec2-phase1/flint-r1
flint-r1,flint-bench-r1,seq_read_1m,mib_s,1356.3310327529907,1356.3310327529907,1356.3393659591675,3,results/2026-10-07-ec2-phase1/flint-r1
flint-r1,flint-bench-r1,seq_read_1m,read_p50_us,11075.584,11075.584,11075.584,3,results/2026-10-07-ec2-phase1/flint-r1
flint-r1,flint-bench-r1,seq_read_1m,read_p99_us,11862.016,11862.016,11862.016,3,results/2026-10-07-ec2-phase1/flint-r1
flint-r1,flint-bench-r1,seq_read_1m,read_p99.9_us,12386.304,12386.304,12517.376,3,results/2026-10-07-ec2-phase1/flint-r1
flint-r1,flint-bench-r1,seq_read_1m,storage_cores,3.0060000000000002,3.0060000000000002,3.0060000000000002,3,results/2026-10-07-ec2-phase1/flint-r1
flint-r1,flint-bench-r1,seq_read_1m,iops_per_core,451.1663493013972,451.1663493013972,451.1663493013972,3,results/2026-10-07-ec2-phase1/flint-r1
flint-r3,flint-bench-r3,seq_read_1m,iops,2437.8520715,2391.78694,2483.917203,2,results/2026-10-07-ec2-phase1/flint-r3
flint-r3,flint-bench-r3,seq_read_1m,mib_s,2437.9770669937134,2391.9119358062744,2484.0421981811523,2,results/2026-10-07-ec2-phase1/flint-r3
flint-r3,flint-bench-r3,seq_read_1m,read_p50_us,6455.296,6324.224,6586.368,2,results/2026-10-07-ec2-phase1/flint-r3
flint-r3,flint-bench-r3,seq_read_1m,read_p99_us,8110.08,7766.016,8454.144,2,results/2026-10-07-ec2-phase1/flint-r3
flint-r3,flint-bench-r3,seq_read_1m,read_p99.9_us,9371.648000000001,8716.288,10027.008,2,results/2026-10-07-ec2-phase1/flint-r3
flint-r3,flint-bench-r3,seq_read_1m,storage_cores,3.0025,3.002,3.003,2,results/2026-10-07-ec2-phase1/flint-r3
flint-r3,flint-bench-r3,seq_read_1m,iops_per_core,811.9433173138764,796.4658474858475,827.4207871419054,2,results/2026-10-07-ec2-phase1/flint-r3
flint-r1,flint-bench-r1,seq_write_128k,iops,8491.675139,8491.675139,8491.675139,3,results/2026-10-07-ec2-phase1/flint-r1
flint-r1,flint-bench-r1,seq_write_128k,mib_s,1061.475016593933,1061.475016593933,1061.4760580062866,3,results/2026-10-07-ec2-phase1/flint-r1
flint-r1,flint-bench-r1,seq_write_128k,write_p50_us,1859.584,1859.584,1875.968,3,results/2026-10-07-ec2-phase1/flint-r1
flint-r1,flint-bench-r1,seq_write_128k,write_p99_us,1941.504,1925.12,1957.888,3,results/2026-10-07-ec2-phase1/flint-r1
flint-r1,flint-bench-r1,seq_write_128k,write_p99.9_us,3489.792,3457.024,3489.792,3,results/2026-10-07-ec2-phase1/flint-r1
flint-r1,flint-bench-r1,seq_write_128k,storage_cores,3.0060000000000002,3.0060000000000002,3.0060000000000002,3,results/2026-10-07-ec2-phase1/flint-r1
flint-r1,flint-bench-r1,seq_write_128k,iops_per_core,2824.9085625415837,2824.9085625415837,2824.9085625415837,3,results/2026-10-07-ec2-phase1/flint-r1
flint-r3,flint-bench-r3,seq_write_128k,iops,2718.2349219999996,2716.580838,2719.889006,2,results/2026-10-07-ec2-phase1/flint-r3
flint-r3,flint-bench-r3,seq_write_128k,mib_s,339.79550981521606,339.588228225708,340.0027914047241,2,results/2026-10-07-ec2-phase1/flint-r3
flint-r3,flint-bench-r3,seq_write_128k,write_p50_us,5865.472,5734.4,5996.544,2,results/2026-10-07-ec2-phase1/flint-r3
flint-r3,flint-bench-r3,seq_write_128k,write_p99_us,11272.192,11075.584,11468.8,2,results/2026-10-07-ec2-phase1/flint-r3
flint-r3,flint-bench-r3,seq_write_128k,write_p99.9_us,15728.64,15007.744,16449.536,2,results/2026-10-07-ec2-phase1/flint-r3
flint-r3,flint-bench-r3,seq_write_128k,storage_cores,3.0045,3.004,3.005,2,results/2026-10-07-ec2-phase1/flint-r3
flint-r3,flint-bench-r3,seq_write_128k,iops_per_core,904.7211589325159,904.3211844207723,905.1211334442596,2,results/2026-10-07-ec2-phase1/flint-r3
flint-r1,flint-bench-r1,seq_write_1m,iops,1061.350665,1061.350665,1061.350665,3,results/2026-10-07-ec2-phase1/flint-r1
flint-r1,flint-bench-r1,seq_write_1m,mib_s,1061.4756479263306,1061.4756479263306,1061.4756479263306,3,results/2026-10-07-ec2-phase1/flint-r1
flint-r1,flint-bench-r1,seq_write_1m,write_p50_us,14876.672,14876.672,14876.672,3,results/2026-10-07-ec2-phase1/flint-r1
flint-r1,flint-bench-r1,seq_write_1m,write_p99_us,15007.744,15007.744,15007.744,3,results/2026-10-07-ec2-phase1/flint-r1
flint-r1,flint-bench-r1,seq_write_1m,write_p99.9_us,17170.432,16711.68,17694.72,3,results/2026-10-07-ec2-phase1/flint-r1
flint-r1,flint-bench-r1,seq_write_1m,storage_cores,3.0060000000000002,3.0060000000000002,3.0060000000000002,3,results/2026-10-07-ec2-phase1/flint-r1
flint-r1,flint-bench-r1,seq_write_1m,iops_per_core,353.07740019960073,353.07740019960073,353.07740019960073,3,results/2026-10-07-ec2-phase1/flint-r1
flint-r3,flint-bench-r3,seq_write_1m,iops,319.535981,310.869909,328.202053,2,results/2026-10-07-ec2-phase1/flint-r3
flint-r3,flint-bench-r3,seq_write_1m,mib_s,319.6609311103821,310.99485969543457,328.3270025253296,2,results/2026-10-07-ec2-phase1/flint-r3
flint-r3,flint-bench-r3,seq_write_1m,write_p50_us,49283.072,47448.064,51118.08,2,results/2026-10-07-ec2-phase1/flint-r3
flint-r3,flint-bench-r3,seq_write_1m,write_p99_us,63176.704,63176.704,63176.704,2,results/2026-10-07-ec2-phase1/flint-r3
flint-r3,flint-bench-r3,seq_write_1m,write_p99.9_us,79167.488,76021.76,82313.216,2,results/2026-10-07-ec2-phase1/flint-r3
flint-r3,flint-bench-r3,seq_write_1m,storage_cores,3.005,3.005,3.005,2,results/2026-10-07-ec2-phase1/flint-r3
flint-r3,flint-bench-r3,seq_write_1m,iops_per_core,106.33476905158071,103.45088485856905,109.21865324459235,2,results/2026-10-07-ec2-phase1/flint-r3
